action	subject	moved_from	moved_to
move	running_notes	agent_docs/docs024_key_docs_latest/idea.uk/running_notes(44).md	_archive/agent_docs/docs024_key_docs_latest/idea.uk/running_notes(44).md
move	running_notes	agent_docs/docs024_key_docs_latest/idea.uk/running_notes(43).md	_archive/agent_docs/docs024_key_docs_latest/idea.uk/running_notes(43).md
move	running_notes	agent_docs/docs024_key_docs_latest/idea.uk/running_notes(42).md	_archive/agent_docs/docs024_key_docs_latest/idea.uk/running_notes(42).md
move	running_notes	agent_docs/docs024_key_docs_latest/idea.uk/running_notes(41).md	_archive/agent_docs/docs024_key_docs_latest/idea.uk/running_notes(41).md
move	running_notes	agent_docs/docs024_key_docs_latest/idea.uk/running_notes(40).md	_archive/agent_docs/docs024_key_docs_latest/idea.uk/running_notes(40).md
move	running_notes	agent_docs/docs024_key_docs_latest/idea.uk/running_notes(36).md	_archive/agent_docs/docs024_key_docs_latest/idea.uk/running_notes(36).md
move	running_notes	agent_docs/docs024_key_docs_latest/idea.uk/running_notes(35).md	_archive/agent_docs/docs024_key_docs_latest/idea.uk/running_notes(35).md
move	running_notes	agent_docs/docs024_key_docs_latest/idea.uk/running_notes(34).md	_archive/agent_docs/docs024_key_docs_latest/idea.uk/running_notes(34).md
move	running_notes	agent_docs/docs024_key_docs_latest/idea.uk/running_notes(33).md	_archive/agent_docs/docs024_key_docs_latest/idea.uk/running_notes(33).md
move	running_notes	agent_docs/docs024_key_docs_latest/idea.uk/running_notes(32).md	_archive/agent_docs/docs024_key_docs_latest/idea.uk/running_notes(32).md
move	running_notes	agent_docs/docs024_key_docs_latest/idea.uk/running_notes(31).md	_archive/agent_docs/docs024_key_docs_latest/idea.uk/running_notes(31).md
move	running_notes	agent_docs/docs024_key_docs_latest/idea.uk/running_notes(30).md	_archive/agent_docs/docs024_key_docs_latest/idea.uk/running_notes(30).md
move	running_notes	agent_docs/docs024_key_docs_latest/idea.uk/running_notes(28).md	_archive/agent_docs/docs024_key_docs_latest/idea.uk/running_notes(28).md
move	running_notes	agent_docs/docs024_key_docs_latest/idea.uk/running_notes(27).md	_archive/agent_docs/docs024_key_docs_latest/idea.uk/running_notes(27).md
move	running_notes	agent_docs/docs024_key_docs_latest/idea.uk/running_notes(26).md	_archive/agent_docs/docs024_key_docs_latest/idea.uk/running_notes(26).md
move	running_notes	agent_docs/docs024_key_docs_latest/idea.uk/running_notes(25).md	_archive/agent_docs/docs024_key_docs_latest/idea.uk/running_notes(25).md
move	running_notes	agent_docs/docs024_key_docs_latest/idea.uk/running_notes(24).md	_archive/agent_docs/docs024_key_docs_latest/idea.uk/running_notes(24).md
move	running_notes	agent_docs/docs024_key_docs_latest/idea.uk/running_notes(23).md	_archive/agent_docs/docs024_key_docs_latest/idea.uk/running_notes(23).md
move	running_notes	agent_docs/docs024_key_docs_latest/idea.uk/running_notes(22).md	_archive/agent_docs/docs024_key_docs_latest/idea.uk/running_notes(22).md
move	running_notes	agent_docs/docs024_key_docs_latest/idea.uk/running_notes(21).md	_archive/agent_docs/docs024_key_docs_latest/idea.uk/running_notes(21).md
move	running_notes	agent_docs/docs024_key_docs_latest/idea.uk/running_notes(20).md	_archive/agent_docs/docs024_key_docs_latest/idea.uk/running_notes(20).md
move	running_notes	agent_docs/docs024_key_docs_latest/idea.uk/running_notes(19).md	_archive/agent_docs/docs024_key_docs_latest/idea.uk/running_notes(19).md
move	running_notes	agent_docs/docs024_key_docs_latest/idea.uk/running_notes(18).md	_archive/agent_docs/docs024_key_docs_latest/idea.uk/running_notes(18).md
move	running_notes	agent_docs/docs024_key_docs_latest/idea.uk/running_notes(17).md	_archive/agent_docs/docs024_key_docs_latest/idea.uk/running_notes(17).md
move	running_notes	agent_docs/docs024_key_docs_latest/idea.uk/running_notes(16).md	_archive/agent_docs/docs024_key_docs_latest/idea.uk/running_notes(16).md
move	running_notes	agent_docs/docs024_key_docs_latest/idea.uk/running_notes(15).md	_archive/agent_docs/docs024_key_docs_latest/idea.uk/running_notes(15).md
move	running_notes	agent_docs/docs024_key_docs_latest/idea.uk/running_notes(14).md	_archive/agent_docs/docs024_key_docs_latest/idea.uk/running_notes(14).md
move	running_notes	agent_docs/docs024_key_docs_latest/idea.uk/running_notes(13).md	_archive/agent_docs/docs024_key_docs_latest/idea.uk/running_notes(13).md
move	running_notes	agent_docs/docs024_key_docs_latest/idea.uk/running_notes(11).md	_archive/agent_docs/docs024_key_docs_latest/idea.uk/running_notes(11).md
move	running_notes	agent_docs/docs024_key_docs_latest/idea.uk/running_notes(8).md	_archive/agent_docs/docs024_key_docs_latest/idea.uk/running_notes(8).md
move	running_notes	agent_docs/docs024_key_docs_latest/idea.uk/running_notes(7).md	_archive/agent_docs/docs024_key_docs_latest/idea.uk/running_notes(7).md
move	running_notes	agent_docs/docs024_key_docs_latest/idea.uk/running_notes(6).md	_archive/agent_docs/docs024_key_docs_latest/idea.uk/running_notes(6).md
move	running_notes	agent_docs/docs024_key_docs_latest/idea.uk/running_notes(5).md	_archive/agent_docs/docs024_key_docs_latest/idea.uk/running_notes(5).md
move	running_notes	agent_docs/docs024_key_docs_latest/idea.uk/running_notes(4).md	_archive/agent_docs/docs024_key_docs_latest/idea.uk/running_notes(4).md
move	running_notes	agent_docs/docs024_key_docs_latest/idea.uk/running_notes(3).md	_archive/agent_docs/docs024_key_docs_latest/idea.uk/running_notes(3).md
move	running_notes	agent_docs/docs024_key_docs_latest/idea.uk/running_notes(2).md	_archive/agent_docs/docs024_key_docs_latest/idea.uk/running_notes(2).md
move	running_notes	agent_docs/docs024_key_docs_latest/idea.uk/running_notes(1).md	_archive/agent_docs/docs024_key_docs_latest/idea.uk/running_notes(1).md
move	running_notes	agent_docs/docs024_key_docs_latest/idea.uk/running_notes.md	_archive/agent_docs/docs024_key_docs_latest/idea.uk/running_notes.md
move	NOTES_phase5_training_launcher_running	agent_docs/docs024_key_docs_latest/finetuning/working/phase5/NOTES_phase5_training_launcher_running(39).md	_archive/agent_docs/docs024_key_docs_latest/finetuning/working/phase5/NOTES_phase5_training_launcher_running(39).md
move	NOTES_phase5_training_launcher_running	agent_docs/docs024_key_docs_latest/finetuning/working/phase5/NOTES_phase5_training_launcher_running(38).md	_archive/agent_docs/docs024_key_docs_latest/finetuning/working/phase5/NOTES_phase5_training_launcher_running(38).md
move	NOTES_phase5_training_launcher_running	agent_docs/docs024_key_docs_latest/finetuning/working/phase5/NOTES_phase5_training_launcher_running(37).md	_archive/agent_docs/docs024_key_docs_latest/finetuning/working/phase5/NOTES_phase5_training_launcher_running(37).md
move	NOTES_phase5_training_launcher_running	agent_docs/docs024_key_docs_latest/finetuning/working/phase5/NOTES_phase5_training_launcher_running(35).md	_archive/agent_docs/docs024_key_docs_latest/finetuning/working/phase5/NOTES_phase5_training_launcher_running(35).md
move	NOTES_phase5_training_launcher_running	agent_docs/docs024_key_docs_latest/finetuning/working/phase5/NOTES_phase5_training_launcher_running(34).md	_archive/agent_docs/docs024_key_docs_latest/finetuning/working/phase5/NOTES_phase5_training_launcher_running(34).md
move	NOTES_phase5_training_launcher_running	agent_docs/docs024_key_docs_latest/finetuning/working/phase5/NOTES_phase5_training_launcher_running(31).md	_archive/agent_docs/docs024_key_docs_latest/finetuning/working/phase5/NOTES_phase5_training_launcher_running(31).md
move	NOTES_phase5_training_launcher_running	agent_docs/docs024_key_docs_latest/finetuning/working/phase5/NOTES_phase5_training_launcher_running(30).md	_archive/agent_docs/docs024_key_docs_latest/finetuning/working/phase5/NOTES_phase5_training_launcher_running(30).md
move	NOTES_phase5_training_launcher_running	agent_docs/docs024_key_docs_latest/finetuning/working/phase5/NOTES_phase5_training_launcher_running(28).md	_archive/agent_docs/docs024_key_docs_latest/finetuning/working/phase5/NOTES_phase5_training_launcher_running(28).md
move	NOTES_phase5_training_launcher_running	agent_docs/docs024_key_docs_latest/finetuning/working/phase5/NOTES_phase5_training_launcher_running(27).md	_archive/agent_docs/docs024_key_docs_latest/finetuning/working/phase5/NOTES_phase5_training_launcher_running(27).md
move	NOTES_phase5_training_launcher_running	agent_docs/docs024_key_docs_latest/finetuning/working/phase5/NOTES_phase5_training_launcher_running(26).md	_archive/agent_docs/docs024_key_docs_latest/finetuning/working/phase5/NOTES_phase5_training_launcher_running(26).md
move	NOTES_phase5_training_launcher_running	agent_docs/docs024_key_docs_latest/finetuning/working/phase5/NOTES_phase5_training_launcher_running(25).md	_archive/agent_docs/docs024_key_docs_latest/finetuning/working/phase5/NOTES_phase5_training_launcher_running(25).md
move	NOTES_phase5_training_launcher_running	agent_docs/docs024_key_docs_latest/finetuning/working/phase5/NOTES_phase5_training_launcher_running(24).md	_archive/agent_docs/docs024_key_docs_latest/finetuning/working/phase5/NOTES_phase5_training_launcher_running(24).md
move	NOTES_phase5_training_launcher_running	agent_docs/docs024_key_docs_latest/finetuning/working/phase5/NOTES_phase5_training_launcher_running(23).md	_archive/agent_docs/docs024_key_docs_latest/finetuning/working/phase5/NOTES_phase5_training_launcher_running(23).md
move	NOTES_phase5_training_launcher_running	agent_docs/docs024_key_docs_latest/finetuning/working/phase5/NOTES_phase5_training_launcher_running(22).md	_archive/agent_docs/docs024_key_docs_latest/finetuning/working/phase5/NOTES_phase5_training_launcher_running(22).md
move	NOTES_phase5_training_launcher_running	agent_docs/docs024_key_docs_latest/finetuning/working/phase5/NOTES_phase5_training_launcher_running(21).md	_archive/agent_docs/docs024_key_docs_latest/finetuning/working/phase5/NOTES_phase5_training_launcher_running(21).md
move	NOTES_phase5_training_launcher_running	agent_docs/docs024_key_docs_latest/finetuning/working/phase5/NOTES_phase5_training_launcher_running(20).md	_archive/agent_docs/docs024_key_docs_latest/finetuning/working/phase5/NOTES_phase5_training_launcher_running(20).md
move	NOTES_phase5_training_launcher_running	agent_docs/docs024_key_docs_latest/finetuning/working/phase5/NOTES_phase5_training_launcher_running(18).md	_archive/agent_docs/docs024_key_docs_latest/finetuning/working/phase5/NOTES_phase5_training_launcher_running(18).md
move	NOTES_phase5_training_launcher_running	agent_docs/docs024_key_docs_latest/finetuning/working/phase5/NOTES_phase5_training_launcher_running(17).md	_archive/agent_docs/docs024_key_docs_latest/finetuning/working/phase5/NOTES_phase5_training_launcher_running(17).md
move	NOTES_phase5_training_launcher_running	agent_docs/docs024_key_docs_latest/finetuning/working/phase5/NOTES_phase5_training_launcher_running(16).md	_archive/agent_docs/docs024_key_docs_latest/finetuning/working/phase5/NOTES_phase5_training_launcher_running(16).md
move	NOTES_phase5_training_launcher_running	agent_docs/docs024_key_docs_latest/finetuning/working/phase5/NOTES_phase5_training_launcher_running(15).md	_archive/agent_docs/docs024_key_docs_latest/finetuning/working/phase5/NOTES_phase5_training_launcher_running(15).md
move	NOTES_phase5_training_launcher_running	agent_docs/docs024_key_docs_latest/finetuning/working/phase5/NOTES_phase5_training_launcher_running(14).md	_archive/agent_docs/docs024_key_docs_latest/finetuning/working/phase5/NOTES_phase5_training_launcher_running(14).md
move	NOTES_phase5_training_launcher_running	agent_docs/docs024_key_docs_latest/finetuning/working/phase5/NOTES_phase5_training_launcher_running(13).md	_archive/agent_docs/docs024_key_docs_latest/finetuning/working/phase5/NOTES_phase5_training_launcher_running(13).md
move	NOTES_phase5_training_launcher_running	agent_docs/docs024_key_docs_latest/finetuning/working/phase5/NOTES_phase5_training_launcher_running(12).md	_archive/agent_docs/docs024_key_docs_latest/finetuning/working/phase5/NOTES_phase5_training_launcher_running(12).md
move	NOTES_phase5_training_launcher_running	agent_docs/docs024_key_docs_latest/finetuning/working/phase5/NOTES_phase5_training_launcher_running(11).md	_archive/agent_docs/docs024_key_docs_latest/finetuning/working/phase5/NOTES_phase5_training_launcher_running(11).md
move	NOTES_phase5_training_launcher_running	agent_docs/docs024_key_docs_latest/finetuning/working/phase5/NOTES_phase5_training_launcher_running(10).md	_archive/agent_docs/docs024_key_docs_latest/finetuning/working/phase5/NOTES_phase5_training_launcher_running(10).md
move	NOTES_phase5_training_launcher_running	agent_docs/docs024_key_docs_latest/finetuning/working/phase5/NOTES_phase5_training_launcher_running(9).md	_archive/agent_docs/docs024_key_docs_latest/finetuning/working/phase5/NOTES_phase5_training_launcher_running(9).md
move	NOTES_phase5_training_launcher_running	agent_docs/docs024_key_docs_latest/finetuning/working/phase5/NOTES_phase5_training_launcher_running(8).md	_archive/agent_docs/docs024_key_docs_latest/finetuning/working/phase5/NOTES_phase5_training_launcher_running(8).md
move	NOTES_phase5_training_launcher_running	agent_docs/docs024_key_docs_latest/finetuning/working/phase5/NOTES_phase5_training_launcher_running(7).md	_archive/agent_docs/docs024_key_docs_latest/finetuning/working/phase5/NOTES_phase5_training_launcher_running(7).md
move	NOTES_phase5_training_launcher_running	agent_docs/docs024_key_docs_latest/finetuning/working/phase5/NOTES_phase5_training_launcher_running(6).md	_archive/agent_docs/docs024_key_docs_latest/finetuning/working/phase5/NOTES_phase5_training_launcher_running(6).md
move	NOTES_phase5_training_launcher_running	agent_docs/docs024_key_docs_latest/finetuning/working/phase5/NOTES_phase5_training_launcher_running(5).md	_archive/agent_docs/docs024_key_docs_latest/finetuning/working/phase5/NOTES_phase5_training_launcher_running(5).md
move	NOTES_phase5_training_launcher_running	agent_docs/docs024_key_docs_latest/finetuning/working/phase5/NOTES_phase5_training_launcher_running(4).md	_archive/agent_docs/docs024_key_docs_latest/finetuning/working/phase5/NOTES_phase5_training_launcher_running(4).md
move	NOTES_phase5_training_launcher_running	agent_docs/docs024_key_docs_latest/finetuning/working/phase5/NOTES_phase5_training_launcher_running(3).md	_archive/agent_docs/docs024_key_docs_latest/finetuning/working/phase5/NOTES_phase5_training_launcher_running(3).md
move	NOTES_phase5_training_launcher_running	agent_docs/docs024_key_docs_latest/finetuning/working/phase5/NOTES_phase5_training_launcher_running(2).md	_archive/agent_docs/docs024_key_docs_latest/finetuning/working/phase5/NOTES_phase5_training_launcher_running(2).md
move	NOTES_phase5_training_launcher_running	agent_docs/docs024_key_docs_latest/finetuning/working/phase5/NOTES_phase5_training_launcher_running(1).md	_archive/agent_docs/docs024_key_docs_latest/finetuning/working/phase5/NOTES_phase5_training_launcher_running(1).md
move	NOTES_phase5_training_launcher_running	agent_docs/docs024_key_docs_latest/finetuning/working/phase5/NOTES_phase5_training_launcher_running.md	_archive/agent_docs/docs024_key_docs_latest/finetuning/working/phase5/NOTES_phase5_training_launcher_running.md
move	FOCUS_finetuning_flywheel_and_service	agent_docs/docs024_key_docs_latest/finetuning/working/flywheel_docs/FOCUS_finetuning_flywheel_and_service(21).md	_archive/agent_docs/docs024_key_docs_latest/finetuning/working/flywheel_docs/FOCUS_finetuning_flywheel_and_service(21).md
move	FOCUS_finetuning_flywheel_and_service	agent_docs/docs024_key_docs_latest/finetuning/working/flywheel_docs/FOCUS_finetuning_flywheel_and_service(20).md	_archive/agent_docs/docs024_key_docs_latest/finetuning/working/flywheel_docs/FOCUS_finetuning_flywheel_and_service(20).md
move	FOCUS_finetuning_flywheel_and_service	agent_docs/docs024_key_docs_latest/finetuning/working/flywheel_docs/FOCUS_finetuning_flywheel_and_service(19).md	_archive/agent_docs/docs024_key_docs_latest/finetuning/working/flywheel_docs/FOCUS_finetuning_flywheel_and_service(19).md
move	FOCUS_finetuning_flywheel_and_service	agent_docs/docs024_key_docs_latest/finetuning/working/flywheel_docs/FOCUS_finetuning_flywheel_and_service(18).md	_archive/agent_docs/docs024_key_docs_latest/finetuning/working/flywheel_docs/FOCUS_finetuning_flywheel_and_service(18).md
move	FOCUS_finetuning_flywheel_and_service	agent_docs/docs024_key_docs_latest/finetuning/working/flywheel_docs/FOCUS_finetuning_flywheel_and_service(17).md	_archive/agent_docs/docs024_key_docs_latest/finetuning/working/flywheel_docs/FOCUS_finetuning_flywheel_and_service(17).md
move	FOCUS_finetuning_flywheel_and_service	agent_docs/docs024_key_docs_latest/finetuning/working/flywheel_docs/FOCUS_finetuning_flywheel_and_service(16).md	_archive/agent_docs/docs024_key_docs_latest/finetuning/working/flywheel_docs/FOCUS_finetuning_flywheel_and_service(16).md
move	FOCUS_finetuning_flywheel_and_service	agent_docs/docs024_key_docs_latest/finetuning/working/flywheel_docs/FOCUS_finetuning_flywheel_and_service(15).md	_archive/agent_docs/docs024_key_docs_latest/finetuning/working/flywheel_docs/FOCUS_finetuning_flywheel_and_service(15).md
move	FOCUS_finetuning_flywheel_and_service	agent_docs/docs024_key_docs_latest/finetuning/working/flywheel_docs/FOCUS_finetuning_flywheel_and_service(14).md	_archive/agent_docs/docs024_key_docs_latest/finetuning/working/flywheel_docs/FOCUS_finetuning_flywheel_and_service(14).md
move	FOCUS_finetuning_flywheel_and_service	agent_docs/docs024_key_docs_latest/finetuning/working/flywheel_docs/FOCUS_finetuning_flywheel_and_service(12).md	_archive/agent_docs/docs024_key_docs_latest/finetuning/working/flywheel_docs/FOCUS_finetuning_flywheel_and_service(12).md
move	FOCUS_finetuning_flywheel_and_service	agent_docs/docs024_key_docs_latest/finetuning/working/flywheel_docs/FOCUS_finetuning_flywheel_and_service(11).md	_archive/agent_docs/docs024_key_docs_latest/finetuning/working/flywheel_docs/FOCUS_finetuning_flywheel_and_service(11).md
move	FOCUS_finetuning_flywheel_and_service	agent_docs/docs024_key_docs_latest/finetuning/working/flywheel_docs/FOCUS_finetuning_flywheel_and_service(10).md	_archive/agent_docs/docs024_key_docs_latest/finetuning/working/flywheel_docs/FOCUS_finetuning_flywheel_and_service(10).md
move	FOCUS_finetuning_flywheel_and_service	agent_docs/docs024_key_docs_latest/finetuning/working/flywheel_docs/FOCUS_finetuning_flywheel_and_service(9).md	_archive/agent_docs/docs024_key_docs_latest/finetuning/working/flywheel_docs/FOCUS_finetuning_flywheel_and_service(9).md
move	FOCUS_finetuning_flywheel_and_service	agent_docs/docs024_key_docs_latest/finetuning/working/flywheel_docs/FOCUS_finetuning_flywheel_and_service(8).md	_archive/agent_docs/docs024_key_docs_latest/finetuning/working/flywheel_docs/FOCUS_finetuning_flywheel_and_service(8).md
move	FOCUS_finetuning_flywheel_and_service	agent_docs/docs024_key_docs_latest/finetuning/working/flywheel_docs/FOCUS_finetuning_flywheel_and_service(7).md	_archive/agent_docs/docs024_key_docs_latest/finetuning/working/flywheel_docs/FOCUS_finetuning_flywheel_and_service(7).md
move	FOCUS_finetuning_flywheel_and_service	agent_docs/docs024_key_docs_latest/finetuning/working/flywheel_docs/FOCUS_finetuning_flywheel_and_service(6).md	_archive/agent_docs/docs024_key_docs_latest/finetuning/working/flywheel_docs/FOCUS_finetuning_flywheel_and_service(6).md
move	FOCUS_finetuning_flywheel_and_service	agent_docs/docs024_key_docs_latest/finetuning/working/flywheel_docs/FOCUS_finetuning_flywheel_and_service(5).md	_archive/agent_docs/docs024_key_docs_latest/finetuning/working/flywheel_docs/FOCUS_finetuning_flywheel_and_service(5).md
move	FOCUS_finetuning_flywheel_and_service	agent_docs/docs024_key_docs_latest/finetuning/working/flywheel_docs/FOCUS_finetuning_flywheel_and_service(4).md	_archive/agent_docs/docs024_key_docs_latest/finetuning/working/flywheel_docs/FOCUS_finetuning_flywheel_and_service(4).md
move	FOCUS_finetuning_flywheel_and_service	agent_docs/docs024_key_docs_latest/finetuning/working/flywheel_docs/FOCUS_finetuning_flywheel_and_service(3).md	_archive/agent_docs/docs024_key_docs_latest/finetuning/working/flywheel_docs/FOCUS_finetuning_flywheel_and_service(3).md
move	FOCUS_finetuning_flywheel_and_service	agent_docs/docs024_key_docs_latest/finetuning/working/flywheel_docs/FOCUS_finetuning_flywheel_and_service(2).md	_archive/agent_docs/docs024_key_docs_latest/finetuning/working/flywheel_docs/FOCUS_finetuning_flywheel_and_service(2).md
move	FOCUS_finetuning_flywheel_and_service	agent_docs/docs024_key_docs_latest/finetuning/working/flywheel_docs/FOCUS_finetuning_flywheel_and_service(1).md	_archive/agent_docs/docs024_key_docs_latest/finetuning/working/flywheel_docs/FOCUS_finetuning_flywheel_and_service(1).md
move	traffic_probe_running_notes	agent_docs/docs024_key_docs_latest/traffic_probe/traffic_probe_running_notes(21).md	_archive/agent_docs/docs024_key_docs_latest/traffic_probe/traffic_probe_running_notes(21).md
move	traffic_probe_running_notes	agent_docs/docs024_key_docs_latest/traffic_probe/traffic_probe_running_notes(20).md	_archive/agent_docs/docs024_key_docs_latest/traffic_probe/traffic_probe_running_notes(20).md
move	traffic_probe_running_notes	agent_docs/docs024_key_docs_latest/traffic_probe/traffic_probe_running_notes(19).md	_archive/agent_docs/docs024_key_docs_latest/traffic_probe/traffic_probe_running_notes(19).md
move	traffic_probe_running_notes	agent_docs/docs024_key_docs_latest/traffic_probe/traffic_probe_running_notes(18).md	_archive/agent_docs/docs024_key_docs_latest/traffic_probe/traffic_probe_running_notes(18).md
move	traffic_probe_running_notes	agent_docs/docs024_key_docs_latest/traffic_probe/traffic_probe_running_notes(17).md	_archive/agent_docs/docs024_key_docs_latest/traffic_probe/traffic_probe_running_notes(17).md
move	traffic_probe_running_notes	agent_docs/docs024_key_docs_latest/traffic_probe/traffic_probe_running_notes(16).md	_archive/agent_docs/docs024_key_docs_latest/traffic_probe/traffic_probe_running_notes(16).md
move	traffic_probe_running_notes	agent_docs/docs024_key_docs_latest/traffic_probe/traffic_probe_running_notes(15).md	_archive/agent_docs/docs024_key_docs_latest/traffic_probe/traffic_probe_running_notes(15).md
move	traffic_probe_running_notes	agent_docs/docs024_key_docs_latest/traffic_probe/traffic_probe_running_notes(14).md	_archive/agent_docs/docs024_key_docs_latest/traffic_probe/traffic_probe_running_notes(14).md
move	traffic_probe_running_notes	agent_docs/docs024_key_docs_latest/traffic_probe/traffic_probe_running_notes(13).md	_archive/agent_docs/docs024_key_docs_latest/traffic_probe/traffic_probe_running_notes(13).md
move	traffic_probe_running_notes	agent_docs/docs024_key_docs_latest/traffic_probe/traffic_probe_running_notes(12).md	_archive/agent_docs/docs024_key_docs_latest/traffic_probe/traffic_probe_running_notes(12).md
move	traffic_probe_running_notes	agent_docs/docs024_key_docs_latest/traffic_probe/traffic_probe_running_notes(11).md	_archive/agent_docs/docs024_key_docs_latest/traffic_probe/traffic_probe_running_notes(11).md
move	traffic_probe_running_notes	agent_docs/docs024_key_docs_latest/traffic_probe/traffic_probe_running_notes(10).md	_archive/agent_docs/docs024_key_docs_latest/traffic_probe/traffic_probe_running_notes(10).md
move	traffic_probe_running_notes	agent_docs/docs024_key_docs_latest/traffic_probe/traffic_probe_running_notes(9).md	_archive/agent_docs/docs024_key_docs_latest/traffic_probe/traffic_probe_running_notes(9).md
move	traffic_probe_running_notes	agent_docs/docs024_key_docs_latest/traffic_probe/traffic_probe_running_notes(8).md	_archive/agent_docs/docs024_key_docs_latest/traffic_probe/traffic_probe_running_notes(8).md
move	traffic_probe_running_notes	agent_docs/docs024_key_docs_latest/traffic_probe/traffic_probe_running_notes(7).md	_archive/agent_docs/docs024_key_docs_latest/traffic_probe/traffic_probe_running_notes(7).md
move	traffic_probe_running_notes	agent_docs/docs024_key_docs_latest/traffic_probe/traffic_probe_running_notes(5).md	_archive/agent_docs/docs024_key_docs_latest/traffic_probe/traffic_probe_running_notes(5).md
move	traffic_probe_running_notes	agent_docs/docs024_key_docs_latest/traffic_probe/traffic_probe_running_notes(4).md	_archive/agent_docs/docs024_key_docs_latest/traffic_probe/traffic_probe_running_notes(4).md
move	traffic_probe_running_notes	agent_docs/docs024_key_docs_latest/traffic_probe/traffic_probe_running_notes(1).md	_archive/agent_docs/docs024_key_docs_latest/traffic_probe/traffic_probe_running_notes(1).md
move	traffic_probe_running_notes	agent_docs/docs024_key_docs_latest/traffic_probe/traffic_probe_running_notes.md	_archive/agent_docs/docs024_key_docs_latest/traffic_probe/traffic_probe_running_notes.md
move	running_notes_14_sync_fix_and_adoption_rerun	agent_docs/docs024_key_docs_latest/adoption/running_notes_14_sync_fix_and_adoption_rerun(20).md	_archive/agent_docs/docs024_key_docs_latest/adoption/running_notes_14_sync_fix_and_adoption_rerun(20).md
move	running_notes_14_sync_fix_and_adoption_rerun	agent_docs/docs024_key_docs_latest/adoption/running_notes_14_sync_fix_and_adoption_rerun(19).md	_archive/agent_docs/docs024_key_docs_latest/adoption/running_notes_14_sync_fix_and_adoption_rerun(19).md
move	running_notes_14_sync_fix_and_adoption_rerun	agent_docs/docs024_key_docs_latest/adoption/running_notes_14_sync_fix_and_adoption_rerun(18).md	_archive/agent_docs/docs024_key_docs_latest/adoption/running_notes_14_sync_fix_and_adoption_rerun(18).md
move	running_notes_14_sync_fix_and_adoption_rerun	agent_docs/docs024_key_docs_latest/adoption/running_notes_14_sync_fix_and_adoption_rerun(17).md	_archive/agent_docs/docs024_key_docs_latest/adoption/running_notes_14_sync_fix_and_adoption_rerun(17).md
move	running_notes_14_sync_fix_and_adoption_rerun	agent_docs/docs024_key_docs_latest/adoption/running_notes_14_sync_fix_and_adoption_rerun(16).md	_archive/agent_docs/docs024_key_docs_latest/adoption/running_notes_14_sync_fix_and_adoption_rerun(16).md
move	running_notes_14_sync_fix_and_adoption_rerun	agent_docs/docs024_key_docs_latest/adoption/running_notes_14_sync_fix_and_adoption_rerun(15).md	_archive/agent_docs/docs024_key_docs_latest/adoption/running_notes_14_sync_fix_and_adoption_rerun(15).md
move	running_notes_14_sync_fix_and_adoption_rerun	agent_docs/docs024_key_docs_latest/adoption/running_notes_14_sync_fix_and_adoption_rerun(14).md	_archive/agent_docs/docs024_key_docs_latest/adoption/running_notes_14_sync_fix_and_adoption_rerun(14).md
move	running_notes_14_sync_fix_and_adoption_rerun	agent_docs/docs024_key_docs_latest/adoption/running_notes_14_sync_fix_and_adoption_rerun(12).md	_archive/agent_docs/docs024_key_docs_latest/adoption/running_notes_14_sync_fix_and_adoption_rerun(12).md
move	running_notes_14_sync_fix_and_adoption_rerun	agent_docs/docs024_key_docs_latest/adoption/running_notes_14_sync_fix_and_adoption_rerun(11).md	_archive/agent_docs/docs024_key_docs_latest/adoption/running_notes_14_sync_fix_and_adoption_rerun(11).md
move	running_notes_14_sync_fix_and_adoption_rerun	agent_docs/docs024_key_docs_latest/adoption/running_notes_14_sync_fix_and_adoption_rerun(10).md	_archive/agent_docs/docs024_key_docs_latest/adoption/running_notes_14_sync_fix_and_adoption_rerun(10).md
move	running_notes_14_sync_fix_and_adoption_rerun	agent_docs/docs024_key_docs_latest/adoption/running_notes_14_sync_fix_and_adoption_rerun(9).md	_archive/agent_docs/docs024_key_docs_latest/adoption/running_notes_14_sync_fix_and_adoption_rerun(9).md
move	running_notes_14_sync_fix_and_adoption_rerun	agent_docs/docs024_key_docs_latest/adoption/running_notes_14_sync_fix_and_adoption_rerun(8).md	_archive/agent_docs/docs024_key_docs_latest/adoption/running_notes_14_sync_fix_and_adoption_rerun(8).md
move	running_notes_14_sync_fix_and_adoption_rerun	agent_docs/docs024_key_docs_latest/adoption/running_notes_14_sync_fix_and_adoption_rerun(6).md	_archive/agent_docs/docs024_key_docs_latest/adoption/running_notes_14_sync_fix_and_adoption_rerun(6).md
move	running_notes_14_sync_fix_and_adoption_rerun	agent_docs/docs024_key_docs_latest/adoption/running_notes_14_sync_fix_and_adoption_rerun(5).md	_archive/agent_docs/docs024_key_docs_latest/adoption/running_notes_14_sync_fix_and_adoption_rerun(5).md
move	running_notes_14_sync_fix_and_adoption_rerun	agent_docs/docs024_key_docs_latest/adoption/running_notes_14_sync_fix_and_adoption_rerun(4).md	_archive/agent_docs/docs024_key_docs_latest/adoption/running_notes_14_sync_fix_and_adoption_rerun(4).md
move	running_notes_14_sync_fix_and_adoption_rerun	agent_docs/docs024_key_docs_latest/adoption/running_notes_14_sync_fix_and_adoption_rerun(3).md	_archive/agent_docs/docs024_key_docs_latest/adoption/running_notes_14_sync_fix_and_adoption_rerun(3).md
move	running_notes_14_sync_fix_and_adoption_rerun	agent_docs/docs024_key_docs_latest/adoption/running_notes_14_sync_fix_and_adoption_rerun(2).md	_archive/agent_docs/docs024_key_docs_latest/adoption/running_notes_14_sync_fix_and_adoption_rerun(2).md
move	running_notes_14_sync_fix_and_adoption_rerun	agent_docs/docs024_key_docs_latest/adoption/running_notes_14_sync_fix_and_adoption_rerun(1).md	_archive/agent_docs/docs024_key_docs_latest/adoption/running_notes_14_sync_fix_and_adoption_rerun(1).md
move	running_notes_14_sync_fix_and_adoption_rerun	agent_docs/docs024_key_docs_latest/adoption/running_notes_14_sync_fix_and_adoption_rerun.md	_archive/agent_docs/docs024_key_docs_latest/adoption/running_notes_14_sync_fix_and_adoption_rerun.md
move	running_notes_17_internal_linking_phantom_fixes	agent_docs/docs024_key_docs_latest/content_quality_and_internal_linking/running_notes_17_internal_linking_phantom_fixes(16).md	_archive/agent_docs/docs024_key_docs_latest/content_quality_and_internal_linking/running_notes_17_internal_linking_phantom_fixes(16).md
move	running_notes_17_internal_linking_phantom_fixes	agent_docs/docs024_key_docs_latest/content_quality_and_internal_linking/running_notes_17_internal_linking_phantom_fixes(15).md	_archive/agent_docs/docs024_key_docs_latest/content_quality_and_internal_linking/running_notes_17_internal_linking_phantom_fixes(15).md
move	running_notes_17_internal_linking_phantom_fixes	agent_docs/docs024_key_docs_latest/content_quality_and_internal_linking/running_notes_17_internal_linking_phantom_fixes(14).md	_archive/agent_docs/docs024_key_docs_latest/content_quality_and_internal_linking/running_notes_17_internal_linking_phantom_fixes(14).md
move	running_notes_17_internal_linking_phantom_fixes	agent_docs/docs024_key_docs_latest/content_quality_and_internal_linking/running_notes_17_internal_linking_phantom_fixes(13).md	_archive/agent_docs/docs024_key_docs_latest/content_quality_and_internal_linking/running_notes_17_internal_linking_phantom_fixes(13).md
move	running_notes_17_internal_linking_phantom_fixes	agent_docs/docs024_key_docs_latest/content_quality_and_internal_linking/running_notes_17_internal_linking_phantom_fixes(12).md	_archive/agent_docs/docs024_key_docs_latest/content_quality_and_internal_linking/running_notes_17_internal_linking_phantom_fixes(12).md
move	running_notes_17_internal_linking_phantom_fixes	agent_docs/docs024_key_docs_latest/content_quality_and_internal_linking/running_notes_17_internal_linking_phantom_fixes(11).md	_archive/agent_docs/docs024_key_docs_latest/content_quality_and_internal_linking/running_notes_17_internal_linking_phantom_fixes(11).md
move	running_notes_17_internal_linking_phantom_fixes	agent_docs/docs024_key_docs_latest/content_quality_and_internal_linking/running_notes_17_internal_linking_phantom_fixes(10).md	_archive/agent_docs/docs024_key_docs_latest/content_quality_and_internal_linking/running_notes_17_internal_linking_phantom_fixes(10).md
move	running_notes_17_internal_linking_phantom_fixes	agent_docs/docs024_key_docs_latest/content_quality_and_internal_linking/running_notes_17_internal_linking_phantom_fixes(9).md	_archive/agent_docs/docs024_key_docs_latest/content_quality_and_internal_linking/running_notes_17_internal_linking_phantom_fixes(9).md
move	running_notes_17_internal_linking_phantom_fixes	agent_docs/docs024_key_docs_latest/content_quality_and_internal_linking/running_notes_17_internal_linking_phantom_fixes(8).md	_archive/agent_docs/docs024_key_docs_latest/content_quality_and_internal_linking/running_notes_17_internal_linking_phantom_fixes(8).md
move	running_notes_17_internal_linking_phantom_fixes	agent_docs/docs024_key_docs_latest/content_quality_and_internal_linking/running_notes_17_internal_linking_phantom_fixes(7).md	_archive/agent_docs/docs024_key_docs_latest/content_quality_and_internal_linking/running_notes_17_internal_linking_phantom_fixes(7).md
move	running_notes_17_internal_linking_phantom_fixes	agent_docs/docs024_key_docs_latest/content_quality_and_internal_linking/running_notes_17_internal_linking_phantom_fixes(6).md	_archive/agent_docs/docs024_key_docs_latest/content_quality_and_internal_linking/running_notes_17_internal_linking_phantom_fixes(6).md
move	running_notes_17_internal_linking_phantom_fixes	agent_docs/docs024_key_docs_latest/content_quality_and_internal_linking/running_notes_17_internal_linking_phantom_fixes(5).md	_archive/agent_docs/docs024_key_docs_latest/content_quality_and_internal_linking/running_notes_17_internal_linking_phantom_fixes(5).md
move	running_notes_17_internal_linking_phantom_fixes	agent_docs/docs024_key_docs_latest/content_quality_and_internal_linking/running_notes_17_internal_linking_phantom_fixes(4).md	_archive/agent_docs/docs024_key_docs_latest/content_quality_and_internal_linking/running_notes_17_internal_linking_phantom_fixes(4).md
move	running_notes_17_internal_linking_phantom_fixes	agent_docs/docs024_key_docs_latest/content_quality_and_internal_linking/running_notes_17_internal_linking_phantom_fixes(3).md	_archive/agent_docs/docs024_key_docs_latest/content_quality_and_internal_linking/running_notes_17_internal_linking_phantom_fixes(3).md
move	running_notes_17_internal_linking_phantom_fixes	agent_docs/docs024_key_docs_latest/content_quality_and_internal_linking/running_notes_17_internal_linking_phantom_fixes(2).md	_archive/agent_docs/docs024_key_docs_latest/content_quality_and_internal_linking/running_notes_17_internal_linking_phantom_fixes(2).md
move	running_notes_17_internal_linking_phantom_fixes	agent_docs/docs024_key_docs_latest/content_quality_and_internal_linking/running_notes_17_internal_linking_phantom_fixes.md	_archive/agent_docs/docs024_key_docs_latest/content_quality_and_internal_linking/running_notes_17_internal_linking_phantom_fixes.md
move	traffic_probe_runbook	agent_docs/docs024_key_docs_latest/traffic_probe/traffic_probe_runbook(7).md	_archive/agent_docs/docs024_key_docs_latest/traffic_probe/traffic_probe_runbook(7).md
move	traffic_probe_runbook	agent_docs/docs024_key_docs_latest/traffic_probe/traffic_probe_runbook(6).md	_archive/agent_docs/docs024_key_docs_latest/traffic_probe/traffic_probe_runbook(6).md
move	traffic_probe_runbook	agent_docs/docs024_key_docs_latest/traffic_probe/traffic_probe_runbook(5).md	_archive/agent_docs/docs024_key_docs_latest/traffic_probe/traffic_probe_runbook(5).md
move	traffic_probe_runbook	agent_docs/docs024_key_docs_latest/traffic_probe/traffic_probe_runbook(4).md	_archive/agent_docs/docs024_key_docs_latest/traffic_probe/traffic_probe_runbook(4).md
move	traffic_probe_runbook	agent_docs/docs024_key_docs_latest/traffic_probe/traffic_probe_runbook(3).md	_archive/agent_docs/docs024_key_docs_latest/traffic_probe/traffic_probe_runbook(3).md
move	traffic_probe_runbook	agent_docs/docs024_key_docs_latest/traffic_probe/traffic_probe_runbook(2).md	_archive/agent_docs/docs024_key_docs_latest/traffic_probe/traffic_probe_runbook(2).md
move	traffic_probe_runbook	agent_docs/docs024_key_docs_latest/traffic_probe/traffic_probe_runbook(1).md	_archive/agent_docs/docs024_key_docs_latest/traffic_probe/traffic_probe_runbook(1).md
move	traffic_probe_runbook	agent_docs/docs024_key_docs_latest/traffic_probe/traffic_probe_runbook.md	_archive/agent_docs/docs024_key_docs_latest/traffic_probe/traffic_probe_runbook.md
move	traffic_probe_plan	agent_docs/docs024_key_docs_latest/traffic_probe/traffic_probe_plan(6).md	_archive/agent_docs/docs024_key_docs_latest/traffic_probe/traffic_probe_plan(6).md
move	traffic_probe_plan	agent_docs/docs024_key_docs_latest/traffic_probe/traffic_probe_plan(5).md	_archive/agent_docs/docs024_key_docs_latest/traffic_probe/traffic_probe_plan(5).md
move	traffic_probe_plan	agent_docs/docs024_key_docs_latest/traffic_probe/traffic_probe_plan(4).md	_archive/agent_docs/docs024_key_docs_latest/traffic_probe/traffic_probe_plan(4).md
move	traffic_probe_plan	agent_docs/docs024_key_docs_latest/traffic_probe/traffic_probe_plan(3).md	_archive/agent_docs/docs024_key_docs_latest/traffic_probe/traffic_probe_plan(3).md
move	traffic_probe_plan	agent_docs/docs024_key_docs_latest/traffic_probe/traffic_probe_plan(1).md	_archive/agent_docs/docs024_key_docs_latest/traffic_probe/traffic_probe_plan(1).md
move	traffic_probe_plan	agent_docs/docs024_key_docs_latest/traffic_probe/traffic_probe_plan.md	_archive/agent_docs/docs024_key_docs_latest/traffic_probe/traffic_probe_plan.md
move	RUNBOOK_phase_b_c_d_deploy	agent_docs/docs024_key_docs_latest/finetuning/working/phase5/RUNBOOK_phase_b_c_d_deploy(7).md	_archive/agent_docs/docs024_key_docs_latest/finetuning/working/phase5/RUNBOOK_phase_b_c_d_deploy(7).md
move	RUNBOOK_phase_b_c_d_deploy	agent_docs/docs024_key_docs_latest/finetuning/working/phase5/RUNBOOK_phase_b_c_d_deploy(6).md	_archive/agent_docs/docs024_key_docs_latest/finetuning/working/phase5/RUNBOOK_phase_b_c_d_deploy(6).md
move	RUNBOOK_phase_b_c_d_deploy	agent_docs/docs024_key_docs_latest/finetuning/working/phase5/RUNBOOK_phase_b_c_d_deploy(4).md	_archive/agent_docs/docs024_key_docs_latest/finetuning/working/phase5/RUNBOOK_phase_b_c_d_deploy(4).md
move	RUNBOOK_phase_b_c_d_deploy	agent_docs/docs024_key_docs_latest/finetuning/working/phase5/RUNBOOK_phase_b_c_d_deploy(3).md	_archive/agent_docs/docs024_key_docs_latest/finetuning/working/phase5/RUNBOOK_phase_b_c_d_deploy(3).md
move	RUNBOOK_phase_b_c_d_deploy	agent_docs/docs024_key_docs_latest/finetuning/working/phase5/RUNBOOK_phase_b_c_d_deploy(2).md	_archive/agent_docs/docs024_key_docs_latest/finetuning/working/phase5/RUNBOOK_phase_b_c_d_deploy(2).md
move	RUNBOOK_phase_b_c_d_deploy	agent_docs/docs024_key_docs_latest/finetuning/working/phase5/RUNBOOK_phase_b_c_d_deploy.md	_archive/agent_docs/docs024_key_docs_latest/finetuning/working/phase5/RUNBOOK_phase_b_c_d_deploy.md
move	running_notes_15_skinner_box_and_adoption_sections	agent_docs/docs024_key_docs_latest/adoption/running_notes_15_skinner_box_and_adoption_sections(5).md	_archive/agent_docs/docs024_key_docs_latest/adoption/running_notes_15_skinner_box_and_adoption_sections(5).md
move	running_notes_15_skinner_box_and_adoption_sections	agent_docs/docs024_key_docs_latest/adoption/running_notes_15_skinner_box_and_adoption_sections(4).md	_archive/agent_docs/docs024_key_docs_latest/adoption/running_notes_15_skinner_box_and_adoption_sections(4).md
move	running_notes_15_skinner_box_and_adoption_sections	agent_docs/docs024_key_docs_latest/adoption/running_notes_15_skinner_box_and_adoption_sections(3).md	_archive/agent_docs/docs024_key_docs_latest/adoption/running_notes_15_skinner_box_and_adoption_sections(3).md
move	running_notes_15_skinner_box_and_adoption_sections	agent_docs/docs024_key_docs_latest/adoption/running_notes_15_skinner_box_and_adoption_sections(2).md	_archive/agent_docs/docs024_key_docs_latest/adoption/running_notes_15_skinner_box_and_adoption_sections(2).md
move	running_notes_15_skinner_box_and_adoption_sections	agent_docs/docs024_key_docs_latest/adoption/running_notes_15_skinner_box_and_adoption_sections(1).md	_archive/agent_docs/docs024_key_docs_latest/adoption/running_notes_15_skinner_box_and_adoption_sections(1).md
move	running_notes_15_skinner_box_and_adoption_sections	agent_docs/docs024_key_docs_latest/adoption/running_notes_15_skinner_box_and_adoption_sections.md	_archive/agent_docs/docs024_key_docs_latest/adoption/running_notes_15_skinner_box_and_adoption_sections.md
move	016_debugging_guide	agent_docs/docs024_key_docs_latest/016_debugging_guide_v2_47.md	_archive/agent_docs/docs024_key_docs_latest/016_debugging_guide_v2_47.md
move	016_debugging_guide	agent_docs/docs024_key_docs_latest/016_debugging_guide_v2_46.md	_archive/agent_docs/docs024_key_docs_latest/016_debugging_guide_v2_46.md
move	016_debugging_guide	agent_docs/docs024_key_docs_latest/016_debugging_guide_v2_45(2).md	_archive/agent_docs/docs024_key_docs_latest/016_debugging_guide_v2_45(2).md
move	016_debugging_guide	agent_docs/docs024_key_docs_latest/016_debugging_guide_v2_45(1).md	_archive/agent_docs/docs024_key_docs_latest/016_debugging_guide_v2_45(1).md
move	016_debugging_guide	agent_docs/docs024_key_docs_latest/016_debugging_guide_v2_45.md	_archive/agent_docs/docs024_key_docs_latest/016_debugging_guide_v2_45.md
move	016_debugging_guide	agent_docs/docs024_key_docs_latest/016_debugging_guide_v2_34(1).md	_archive/agent_docs/docs024_key_docs_latest/016_debugging_guide_v2_34(1).md
move	CATALOGUE_gamesdesign_post_sync_fix_defects	agent_docs/docs024_key_docs_latest/adoption/CATALOGUE_gamesdesign_post_sync_fix_defects(4).md	_archive/agent_docs/docs024_key_docs_latest/adoption/CATALOGUE_gamesdesign_post_sync_fix_defects(4).md
move	CATALOGUE_gamesdesign_post_sync_fix_defects	agent_docs/docs024_key_docs_latest/adoption/CATALOGUE_gamesdesign_post_sync_fix_defects(3).md	_archive/agent_docs/docs024_key_docs_latest/adoption/CATALOGUE_gamesdesign_post_sync_fix_defects(3).md
move	CATALOGUE_gamesdesign_post_sync_fix_defects	agent_docs/docs024_key_docs_latest/adoption/CATALOGUE_gamesdesign_post_sync_fix_defects(2).md	_archive/agent_docs/docs024_key_docs_latest/adoption/CATALOGUE_gamesdesign_post_sync_fix_defects(2).md
move	CATALOGUE_gamesdesign_post_sync_fix_defects	agent_docs/docs024_key_docs_latest/adoption/CATALOGUE_gamesdesign_post_sync_fix_defects(1).md	_archive/agent_docs/docs024_key_docs_latest/adoption/CATALOGUE_gamesdesign_post_sync_fix_defects(1).md
move	CATALOGUE_gamesdesign_post_sync_fix_defects	agent_docs/docs024_key_docs_latest/adoption/CATALOGUE_gamesdesign_post_sync_fix_defects.md	_archive/agent_docs/docs024_key_docs_latest/adoption/CATALOGUE_gamesdesign_post_sync_fix_defects.md
